/*
 Navicat Premium Data Transfer

 Source Server         : 腾讯云
 Source Server Type    : MySQL
 Source Server Version : 50721
 Source Host           : 193.112.43.41:3306
 Source Schema         : vue_cms_api

 Target Server Type    : MySQL
 Target Server Version : 50721
 File Encoding         : 65001

 Date: 31/03/2019 14:54:29
*/

SET NAMES utf8mb4;
SET FOREIGN_KEY_CHECKS = 0;

-- ----------------------------
-- Table structure for think_code
-- ----------------------------
DROP TABLE IF EXISTS `think_code`;
CREATE TABLE `think_code`  (
  `id` int(11) NOT NULL AUTO_INCREMENT,
  `to` varchar(25) CHARACTER SET utf8 COLLATE utf8_general_ci NOT NULL DEFAULT '' COMMENT '目标者',
  `code` varchar(6) CHARACTER SET utf8 COLLATE utf8_general_ci NOT NULL,
  `add_time` datetime(0) NOT NULL DEFAULT CURRENT_TIMESTAMP,
  `category` enum('注册','登陆','忘记密码') CHARACTER SET utf8 COLLATE utf8_general_ci NOT NULL DEFAULT '注册',
  PRIMARY KEY (`id`) USING BTREE
) ENGINE = InnoDB AUTO_INCREMENT = 12 CHARACTER SET = utf8 COLLATE = utf8_general_ci ROW_FORMAT = Dynamic;

-- ----------------------------
-- Records of think_code
-- ----------------------------
INSERT INTO `think_code` VALUES (9, '1063944784@qq.com', '306919', '2018-06-12 17:10:30', '注册');
INSERT INTO `think_code` VALUES (10, '1063944784@qq.com', '926828', '2018-06-12 17:28:12', '注册');
INSERT INTO `think_code` VALUES (11, '13126051483', '577131', '2018-06-13 14:32:09', '注册');

-- ----------------------------
-- Table structure for think_comment
-- ----------------------------
DROP TABLE IF EXISTS `think_comment`;
CREATE TABLE `think_comment`  (
  `comment_id` int(11) NOT NULL AUTO_INCREMENT,
  `author` enum('匿名用户') CHARACTER SET utf8 COLLATE utf8_general_ci NULL DEFAULT '匿名用户',
  `content` varchar(255) CHARACTER SET utf8 COLLATE utf8_general_ci NOT NULL,
  `add_time` datetime(0) NOT NULL DEFAULT CURRENT_TIMESTAMP ON UPDATE CURRENT_TIMESTAMP(0),
  `category` varchar(255) CHARACTER SET utf8 COLLATE utf8_general_ci NOT NULL,
  `cid` int(11) NOT NULL,
  PRIMARY KEY (`comment_id`) USING BTREE
) ENGINE = InnoDB AUTO_INCREMENT = 19 CHARACTER SET = utf8 COLLATE = utf8_general_ci ROW_FORMAT = Dynamic;

-- ----------------------------
-- Records of think_comment
-- ----------------------------
INSERT INTO `think_comment` VALUES (1, '匿名用户', '大家好', '2018-06-08 15:23:14', 'photo', 1);
INSERT INTO `think_comment` VALUES (2, '匿名用户', '同志们好', '2018-06-08 15:23:17', 'photo', 1);
INSERT INTO `think_comment` VALUES (3, '匿名用户', '哈哈哈', '2018-06-08 15:23:19', 'photo', 1);
INSERT INTO `think_comment` VALUES (4, '匿名用户', '发表测试', '2018-06-08 15:23:21', 'photo', 1);
INSERT INTO `think_comment` VALUES (5, '匿名用户', '再次测试', '2018-06-08 15:23:23', 'photo', 1);
INSERT INTO `think_comment` VALUES (6, '匿名用户', '再来一次', '2018-06-08 15:23:25', 'photo', 1);
INSERT INTO `think_comment` VALUES (7, '匿名用户', '啦啦啦啦啦', '2018-06-08 15:23:27', 'photo', 1);
INSERT INTO `think_comment` VALUES (8, '匿名用户', '不错', '2018-06-08 15:23:31', 'photo', 2);
INSERT INTO `think_comment` VALUES (9, '匿名用户', '哈哈', '2018-06-08 15:23:51', 'photo', 2);
INSERT INTO `think_comment` VALUES (10, '匿名用户', '哈哈哈', '2018-06-08 15:32:50', 'goods', 2);
INSERT INTO `think_comment` VALUES (11, '匿名用户', '啦啦啦了', '2018-06-08 15:37:01', 'goods', 1);
INSERT INTO `think_comment` VALUES (12, '匿名用户', '哈哈哈', '2018-06-08 15:37:07', 'goods', 1);
INSERT INTO `think_comment` VALUES (13, '匿名用户', '111', '2018-06-08 15:37:11', 'goods', 1);
INSERT INTO `think_comment` VALUES (14, '匿名用户', '222', '2018-06-08 15:37:15', 'goods', 1);
INSERT INTO `think_comment` VALUES (15, '匿名用户', '333', '2018-06-08 15:37:18', 'goods', 1);
INSERT INTO `think_comment` VALUES (16, '匿名用户', '444', '2018-06-08 15:37:22', 'goods', 1);
INSERT INTO `think_comment` VALUES (17, '匿名用户', '46', '2018-06-08 15:37:27', 'goods', 1);
INSERT INTO `think_comment` VALUES (18, '匿名用户', '012', '2018-06-08 15:37:32', 'goods', 1);

-- ----------------------------
-- Table structure for think_good_images
-- ----------------------------
DROP TABLE IF EXISTS `think_good_images`;
CREATE TABLE `think_good_images`  (
  `goodimages_id` int(11) NOT NULL AUTO_INCREMENT,
  `url` varchar(255) CHARACTER SET utf8 COLLATE utf8_general_ci NOT NULL,
  `good_id` int(11) NOT NULL,
  PRIMARY KEY (`goodimages_id`) USING BTREE
) ENGINE = InnoDB AUTO_INCREMENT = 5 CHARACTER SET = utf8 COLLATE = utf8_general_ci ROW_FORMAT = Dynamic;

-- ----------------------------
-- Records of think_good_images
-- ----------------------------
INSERT INTO `think_good_images` VALUES (1, 'http://vuecms.bigfool.cn/uploads/goods/20180602\\4d5bd4c86f580e68dce1ed37b094fa21.jpg', 2);
INSERT INTO `think_good_images` VALUES (2, 'http://vuecms.bigfool.cn/uploads/goods/20180602\\2c5ee666064bdcdfc48885d38aae5fcb.jpg', 2);
INSERT INTO `think_good_images` VALUES (3, 'http://vuecms.bigfool.cn/uploads/goods/20180602\\c68d631858412c829f6f1bfa887fc42a.jpg', 2);
INSERT INTO `think_good_images` VALUES (4, 'http://vuecms.bigfool.cn/uploads/goods/20180602\\c2108dbdfdd1d0ede042533d5f151b58.jpg', 1);

-- ----------------------------
-- Table structure for think_goods
-- ----------------------------
DROP TABLE IF EXISTS `think_goods`;
CREATE TABLE `think_goods`  (
  `id` int(11) NOT NULL AUTO_INCREMENT,
  `title` varchar(255) CHARACTER SET utf8 COLLATE utf8_general_ci NOT NULL,
  `desc` varchar(255) CHARACTER SET utf8 COLLATE utf8_general_ci NOT NULL,
  `face` varchar(255) CHARACTER SET utf8 COLLATE utf8_general_ci NOT NULL COMMENT '封面',
  `sell_price` decimal(10, 2) NOT NULL COMMENT '销售价格',
  `market_price` decimal(10, 2) NOT NULL COMMENT '市场价格',
  `click_num` varchar(255) CHARACTER SET utf8 COLLATE utf8_general_ci NOT NULL DEFAULT '0',
  `stock_quantity` varchar(255) CHARACTER SET utf8 COLLATE utf8_general_ci NOT NULL COMMENT '库存',
  `add_time` datetime(0) NOT NULL DEFAULT CURRENT_TIMESTAMP,
  PRIMARY KEY (`id`) USING BTREE
) ENGINE = InnoDB AUTO_INCREMENT = 11 CHARACTER SET = utf8 COLLATE = utf8_general_ci ROW_FORMAT = Dynamic;

-- ----------------------------
-- Records of think_goods
-- ----------------------------
INSERT INTO `think_goods` VALUES (1, '脆梨', '新鲜的大梨，而且超级甜。', 'http://vuecms.bigfool.cn/uploads/goods/20180531\\6af485e9720ec86024834897588062fc.jpg', 5.00, 8.00, '10', '100', '2018-05-31 21:06:03');
INSERT INTO `think_goods` VALUES (2, '进口牛肉', '全天然养殖肥牛，肉质鲜美，口感极好。', 'http://vuecms.bigfool.cn/uploads/goods/20180531\\140353f148f7b12dd1cf557e62d58e7a.jpg', 100.00, 120.00, '6', '10', '2018-05-31 21:06:13');
INSERT INTO `think_goods` VALUES (3, '泰迪小狗狗', '纯种泰迪小狗，乖巧听话。', 'http://vuecms.bigfool.cn/uploads/goods/20180531\\7b078f0bcb545421a33ad34c0c0dffdb.jpg', 2000.00, 2500.00, '1', '2', '2018-05-31 21:06:23');
INSERT INTO `think_goods` VALUES (4, '仁酒', '酒非常醇正，香味十足。', 'http://vuecms.bigfool.cn/uploads/goods/20180531\\27ba66dfac893a4966516825bad194a7.jpg', 500.00, 530.00, '2', '20', '2018-05-31 21:06:31');
INSERT INTO `think_goods` VALUES (5, '金品酒', '酒色醇正，香味十足。', 'http://vuecms.bigfool.cn/uploads/goods/20180531\\aab79234398ecb59d70c36fc9bed1b7a.jpg', 1002.00, 1500.00, '2', '15', '2018-05-31 21:06:38');
INSERT INTO `think_goods` VALUES (6, '贵州茅台', '茅台正品，口感醇正。', 'http://vuecms.bigfool.cn/uploads/goods/20180531\\caaafb24f6bf7ff56d841d22d9547491.jpg', 999.00, 1000.00, '0', '60', '2018-05-31 21:06:48');
INSERT INTO `think_goods` VALUES (7, '极品红酒', '来之法国酒庄，具有样颜效果。', 'http://vuecms.bigfool.cn/uploads/goods/20180531\\56be6b8dc6a90babff8514ee24f77a40.jpg', 150.00, 230.00, '0', '200', '2018-05-31 21:06:56');
INSERT INTO `think_goods` VALUES (8, '羊肉卷', '肉质香美，口感极好。', 'http://vuecms.bigfool.cn/uploads/goods/20180531\\2f6b0c1d8c9872b9674170438238a045.jpg', 45.00, 60.00, '0', '100', '2018-05-31 21:07:03');
INSERT INTO `think_goods` VALUES (9, '黑米', '营养及高，口感极好。', 'http://vuecms.bigfool.cn/uploads/goods/20180531\\0b72f4fc74a84a54e1ad2dc0c903abbb.jpg', 20.00, 25.00, '0', '150', '2018-05-31 21:07:11');
INSERT INTO `think_goods` VALUES (10, '金龙鱼花生油', '非转基因花生压榨花生油。', 'http://vuecms.bigfool.cn/uploads/goods/20180531\\3ddbb8b8c287ca3f4a527489bda84e42.jpg', 40.00, 55.00, '0', '30', '2018-05-31 21:07:19');

-- ----------------------------
-- Table structure for think_img
-- ----------------------------
DROP TABLE IF EXISTS `think_img`;
CREATE TABLE `think_img`  (
  `img_id` int(11) NOT NULL AUTO_INCREMENT,
  `img_title` varchar(255) CHARACTER SET utf8 COLLATE utf8_general_ci NOT NULL,
  `click_num` int(10) UNSIGNED NOT NULL DEFAULT 0,
  `desc` varchar(255) CHARACTER SET utf8 COLLATE utf8_general_ci NOT NULL,
  `content` text CHARACTER SET utf8 COLLATE utf8_general_ci NOT NULL,
  `img` varchar(255) CHARACTER SET utf8 COLLATE utf8_general_ci NOT NULL,
  `add_time` datetime(0) NULL DEFAULT CURRENT_TIMESTAMP,
  `imgcategory_id` int(11) NOT NULL,
  PRIMARY KEY (`img_id`) USING BTREE,
  INDEX `img_category`(`imgcategory_id`) USING BTREE,
  CONSTRAINT `think_img_ibfk_1` FOREIGN KEY (`imgcategory_id`) REFERENCES `think_img_category` (`id`) ON DELETE CASCADE ON UPDATE CASCADE
) ENGINE = InnoDB AUTO_INCREMENT = 9 CHARACTER SET = utf8 COLLATE = utf8_general_ci ROW_FORMAT = Dynamic;

-- ----------------------------
-- Records of think_img
-- ----------------------------
INSERT INTO `think_img` VALUES (1, '美女醉卧沙发', 7, '美女醉卧沙发美女醉卧沙发美女醉卧沙发美女醉卧沙发美女醉卧沙发美女醉卧沙发美女醉卧沙发美女醉卧沙发美女醉卧沙发美女醉卧沙发美女醉卧沙发美女醉卧沙发美女醉卧沙发美女醉卧沙发美女醉卧沙发美女醉卧沙发美女醉美女醉卧沙发美女醉卧沙发美女醉卧沙发美女醉卧沙发美女醉卧沙发美女醉卧沙发', '<p style=\"font-family: &quot;Microsoft YaHei&quot;; font-size: 14px; white-space: normal;\">&nbsp;&nbsp;&nbsp;&nbsp;几乎所有的人都在<a href=\"http://www.duwenzhang.com/huati/zhuiqiu/index1.html\" style=\"color: rgb(51, 51, 51); text-decoration-line: none;\">追求</a>一种达乐，身体上也好，<a href=\"http://www.duwenzhang.com/huati/linghun/index1.html\" style=\"color: rgb(51, 51, 51); text-decoration-line: none;\">灵魂</a>深处的也罢，完全没有打算要停下来的意思，痛定思痛地意识完全没有了，更不用说一种大彻大悟的情怀。本来<a href=\"http://www.duwenzhang.com/huati/shengming/index1.html\" style=\"color: rgb(51, 51, 51); text-decoration-line: none;\">生命</a>的意义就很<a href=\"http://www.duwenzhang.com/huati/pingdan/index1.html\" style=\"color: rgb(51, 51, 51); text-decoration-line: none;\">平淡</a>，胡乱一折腾就完全没有味道了。</p><p style=\"font-family: &quot;Microsoft YaHei&quot;; font-size: 14px; white-space: normal;\">　有天突然觉得社会就像一辆奋力奔跑的马车，而我们就是那几匹马，跑的快了自然费力，跑的慢了仅是鞭挞，不快不慢，不左不右，刚刚好。本来是在草原上肆意奔跑的，有一天几个人用一根套马杆锁住了心，完了用一把枯草填满我们的胃，我们就开始服帖了。有时候想想韩愈就是这个人，只不过他<a href=\"http://www.duwenzhang.com/huati/xiwang/index1.html\" style=\"color: rgb(51, 51, 51); text-decoration-line: none;\">希望</a>千里马被发掘出来而已。可惜千里马就那么几匹，而且也是用来炫耀的工具，古来千里马驰骋疆场的又有多少。</p><p style=\"font-family: &quot;Microsoft YaHei&quot;; font-size: 14px; white-space: normal;\">　我们都活在达乐的圈子里，只不过是被设计好的，没几个人真正的<a href=\"http://www.duwenzhang.com/huati/xihuan/index1.html\" style=\"color: rgb(51, 51, 51); text-decoration-line: none;\">喜欢</a>，更别说倾力付出了，因为我们不<a href=\"http://www.duwenzhang.com/huati/xiguan/index1.html\" style=\"color: rgb(51, 51, 51); text-decoration-line: none;\">习惯</a>穷困，忘了一开始的<a href=\"http://www.duwenzhang.com/huati/chongdong/index1.html\" style=\"color: rgb(51, 51, 51); text-decoration-line: none;\">冲动</a>，走上了别人的路，用自己的脚。</p><p style=\"font-family: &quot;Microsoft YaHei&quot;; font-size: 14px; white-space: normal;\">　穷困多佳作已经没有了，<a href=\"http://www.duwenzhang.com/\" style=\"color: rgb(51, 51, 51); text-decoration-line: none;\">文章</a>也开始变得虚假，<a href=\"http://www.duwenzhang.com/huati/ganjue/index1.html\" style=\"color: rgb(51, 51, 51); text-decoration-line: none;\">感觉</a>今天写完明天起来就已经忘记了，从来没有和自己的<a href=\"http://www.duwenzhang.com/huati/neixin/index1.html\" style=\"color: rgb(51, 51, 51); text-decoration-line: none;\">内心</a>交流，鸡毛蒜皮已经能够让我们活得津津有味，乐此不疲了。</p><p style=\"font-family: &quot;Microsoft YaHei&quot;; font-size: 14px; white-space: normal;\">　我没有办法解决，因为已经中毒深了，开药的医生扶起自己的眼镜就熟识了我的病，从头到脚治疗一遍，总会好的，之后总不免叮嘱，没事多来转转，因为病一直都在。</p><p><br/></p>', 'http://vuecms.bigfool.cn/uploads/imgs/20180521\\226af63d5dcabd57c1a2f3474c2d99ae.jpg', '2018-05-21 21:40:17', 7);
INSERT INTO `think_img` VALUES (2, '校园极品美女', 1, '校园极品美女校园极品美女校园极品美女校园极品美女校园极品美女校园极品美女校园极品美女校园极品美女校园极品美女校园极品美女校园极品美女校园极品美女校园极品美女校园极品美女校园极品美女校园极品美女校园极品美女校园极品美女校园极品美女', '<p style=\"white-space: normal; font-family: &quot;Microsoft YaHei&quot;; font-size: 14px;\">&nbsp;几乎所有的人都在<a href=\"http://www.duwenzhang.com/huati/zhuiqiu/index1.html\" style=\"color: rgb(51, 51, 51); text-decoration-line: none;\">追求</a>一种达乐，身体上也好，<a href=\"http://www.duwenzhang.com/huati/linghun/index1.html\" style=\"color: rgb(51, 51, 51); text-decoration-line: none;\">灵魂</a>深处的也罢，完全没有打算要停下来的意思，痛定思痛地意识完全没有了，更不用说一种大彻大悟的情怀。本来<a href=\"http://www.duwenzhang.com/huati/shengming/index1.html\" style=\"color: rgb(51, 51, 51); text-decoration-line: none;\">生命</a>的意义就很<a href=\"http://www.duwenzhang.com/huati/pingdan/index1.html\" style=\"color: rgb(51, 51, 51); text-decoration-line: none;\">平淡</a>，胡乱一折腾就完全没有味道了。</p><p style=\"white-space: normal; font-family: &quot;Microsoft YaHei&quot;; font-size: 14px;\">　有天突然觉得社会就像一辆奋力奔跑的马车，而我们就是那几匹马，跑的快了自然费力，跑的慢了仅是鞭挞，不快不慢，不左不右，刚刚好。本来是在草原上肆意奔跑的，有一天几个人用一根套马杆锁住了心，完了用一把枯草填满我们的胃，我们就开始服帖了。有时候想想韩愈就是这个人，只不过他<a href=\"http://www.duwenzhang.com/huati/xiwang/index1.html\" style=\"color: rgb(51, 51, 51); text-decoration-line: none;\">希望</a>千里马被发掘出来而已。可惜千里马就那么几匹，而且也是用来炫耀的工具，古来千里马驰骋疆场的又有多少。</p><p style=\"white-space: normal; font-family: &quot;Microsoft YaHei&quot;; font-size: 14px;\">　我们都活在达乐的圈子里，只不过是被设计好的，没几个人真正的<a href=\"http://www.duwenzhang.com/huati/xihuan/index1.html\" style=\"color: rgb(51, 51, 51); text-decoration-line: none;\">喜欢</a>，更别说倾力付出了，因为我们不<a href=\"http://www.duwenzhang.com/huati/xiguan/index1.html\" style=\"color: rgb(51, 51, 51); text-decoration-line: none;\">习惯</a>穷困，忘了一开始的<a href=\"http://www.duwenzhang.com/huati/chongdong/index1.html\" style=\"color: rgb(51, 51, 51); text-decoration-line: none;\">冲动</a>，走上了别人的路，用自己的脚。</p><p style=\"white-space: normal; font-family: &quot;Microsoft YaHei&quot;; font-size: 14px;\">　穷困多佳作已经没有了，<a href=\"http://www.duwenzhang.com/\" style=\"color: rgb(51, 51, 51); text-decoration-line: none;\">文章</a>也开始变得虚假，<a href=\"http://www.duwenzhang.com/huati/ganjue/index1.html\" style=\"color: rgb(51, 51, 51); text-decoration-line: none;\">感觉</a>今天写完明天起来就已经忘记了，从来没有和自己的<a href=\"http://www.duwenzhang.com/huati/neixin/index1.html\" style=\"color: rgb(51, 51, 51); text-decoration-line: none;\">内心</a>交流，鸡毛蒜皮已经能够让我们活得津津有味，乐此不疲了。</p><p style=\"white-space: normal; font-family: &quot;Microsoft YaHei&quot;; font-size: 14px;\">　我没有办法解决，因为已经中毒深了，开药的医生扶起自己的眼镜就熟识了我的病，从头到脚治疗一遍，总会好的，之后总不免叮嘱，没事多来转转，因为病一直都在。</p><p><br/></p>', 'http://vuecms.bigfool.cn/uploads/imgs/20180521\\4ebfa54ac2558ca0225a059fcd150d13.jpg', '2018-05-21 21:40:20', 7);
INSERT INTO `think_img` VALUES (3, '唯美埃菲尔铁塔', 1, '唯美埃菲尔铁塔唯美埃菲尔铁塔唯美埃菲尔铁塔唯美埃菲尔铁塔唯美埃菲尔铁塔唯美埃菲尔铁塔唯美埃菲尔铁塔唯美埃菲尔铁塔唯美埃菲尔铁塔唯美埃菲尔铁塔唯美埃菲尔铁塔唯美埃菲尔铁塔唯美埃菲尔铁塔唯美埃菲尔铁塔唯美唯美埃菲尔铁塔唯美埃菲尔铁塔唯美埃菲尔铁塔', '<p style=\"font-family: &quot;Microsoft YaHei&quot;; font-size: 14px; white-space: normal;\">&nbsp;&nbsp;&nbsp;&nbsp;几乎所有的人都在<a href=\"http://www.duwenzhang.com/huati/zhuiqiu/index1.html\" style=\"color: rgb(51, 51, 51); text-decoration-line: none;\">追求</a>一种达乐，身体上也好，<a href=\"http://www.duwenzhang.com/huati/linghun/index1.html\" style=\"color: rgb(51, 51, 51); text-decoration-line: none;\">灵魂</a>深处的也罢，完全没有打算要停下来的意思，痛定思痛地意识完全没有了，更不用说一种大彻大悟的情怀。本来<a href=\"http://www.duwenzhang.com/huati/shengming/index1.html\" style=\"color: rgb(51, 51, 51); text-decoration-line: none;\">生命</a>的意义就很<a href=\"http://www.duwenzhang.com/huati/pingdan/index1.html\" style=\"color: rgb(51, 51, 51); text-decoration-line: none;\">平淡</a>，胡乱一折腾就完全没有味道了。</p><p style=\"font-family: &quot;Microsoft YaHei&quot;; font-size: 14px; white-space: normal;\">　有天突然觉得社会就像一辆奋力奔跑的马车，而我们就是那几匹马，跑的快了自然费力，跑的慢了仅是鞭挞，不快不慢，不左不右，刚刚好。本来是在草原上肆意奔跑的，有一天几个人用一根套马杆锁住了心，完了用一把枯草填满我们的胃，我们就开始服帖了。有时候想想韩愈就是这个人，只不过他<a href=\"http://www.duwenzhang.com/huati/xiwang/index1.html\" style=\"color: rgb(51, 51, 51); text-decoration-line: none;\">希望</a>千里马被发掘出来而已。可惜千里马就那么几匹，而且也是用来炫耀的工具，古来千里马驰骋疆场的又有多少。</p><p style=\"font-family: &quot;Microsoft YaHei&quot;; font-size: 14px; white-space: normal;\">　我们都活在达乐的圈子里，只不过是被设计好的，没几个人真正的<a href=\"http://www.duwenzhang.com/huati/xihuan/index1.html\" style=\"color: rgb(51, 51, 51); text-decoration-line: none;\">喜欢</a>，更别说倾力付出了，因为我们不<a href=\"http://www.duwenzhang.com/huati/xiguan/index1.html\" style=\"color: rgb(51, 51, 51); text-decoration-line: none;\">习惯</a>穷困，忘了一开始的<a href=\"http://www.duwenzhang.com/huati/chongdong/index1.html\" style=\"color: rgb(51, 51, 51); text-decoration-line: none;\">冲动</a>，走上了别人的路，用自己的脚。</p><p style=\"font-family: &quot;Microsoft YaHei&quot;; font-size: 14px; white-space: normal;\">　穷困多佳作已经没有了，<a href=\"http://www.duwenzhang.com/\" style=\"color: rgb(51, 51, 51); text-decoration-line: none;\">文章</a>也开始变得虚假，<a href=\"http://www.duwenzhang.com/huati/ganjue/index1.html\" style=\"color: rgb(51, 51, 51); text-decoration-line: none;\">感觉</a>今天写完明天起来就已经忘记了，从来没有和自己的<a href=\"http://www.duwenzhang.com/huati/neixin/index1.html\" style=\"color: rgb(51, 51, 51); text-decoration-line: none;\">内心</a>交流，鸡毛蒜皮已经能够让我们活得津津有味，乐此不疲了。</p><p style=\"font-family: &quot;Microsoft YaHei&quot;; font-size: 14px; white-space: normal;\">　我没有办法解决，因为已经中毒深了，开药的医生扶起自己的眼镜就熟识了我的病，从头到脚治疗一遍，总会好的，之后总不免叮嘱，没事多来转转，因为病一直都在。</p><p><br/></p>', 'http://vuecms.bigfool.cn/uploads/imgs/20180521\\b27d0cda3f4c343d0f5be8ade1a4aca5.jpg', '2018-05-21 21:40:29', 2);
INSERT INTO `think_img` VALUES (4, '蓝色天空', 0, '蓝色天空蓝色天空蓝色天空蓝色天空蓝色天空蓝色天空蓝色天空蓝色天空蓝色天空蓝色天空蓝色天空蓝色天空蓝色天空蓝色天空蓝色天空蓝色天空蓝色天空蓝色天空蓝色天空蓝色天空蓝色天空蓝色天空蓝色天空蓝色天空蓝色天空蓝色天空蓝色天空蓝色天空蓝色天空蓝色天空蓝色天空蓝色天空', '<p style=\"font-family: &quot;Microsoft YaHei&quot;; font-size: 14px; white-space: normal;\">几乎所有的人都在<a href=\"http://www.duwenzhang.com/huati/zhuiqiu/index1.html\" style=\"color: rgb(51, 51, 51); text-decoration-line: none;\">追求</a>一种达乐，身体上也好，<a href=\"http://www.duwenzhang.com/huati/linghun/index1.html\" style=\"color: rgb(51, 51, 51); text-decoration-line: none;\">灵魂</a>深处的也罢，完全没有打算要停下来的意思，痛定思痛地意识完全没有了，更不用说一种大彻大悟的情怀。本来<a href=\"http://www.duwenzhang.com/huati/shengming/index1.html\" style=\"color: rgb(51, 51, 51); text-decoration-line: none;\">生命</a>的意义就很<a href=\"http://www.duwenzhang.com/huati/pingdan/index1.html\" style=\"color: rgb(51, 51, 51); text-decoration-line: none;\">平淡</a>，胡乱一折腾就完全没有味道了。</p><p style=\"font-family: &quot;Microsoft YaHei&quot;; font-size: 14px; white-space: normal;\">　　 有天突然觉得社会就像一辆奋力奔跑的马车，而我们就是那几匹马，跑的快了自然费力，跑的慢了仅是鞭挞，不快不慢，不左不右，刚刚好。本来是在草原上肆意奔跑的，有一天几个人用一根套马杆锁住了心，完了用一把枯草填满我们的胃，我们就开始服帖了。有时候想想韩愈就是这个人，只不过他<a href=\"http://www.duwenzhang.com/huati/xiwang/index1.html\" style=\"color: rgb(51, 51, 51); text-decoration-line: none;\">希望</a>千里马被发掘出来而已。可惜千里马就那么几匹，而且也是用来炫耀的工具，古来千里马驰骋疆场的又有多少。</p><p style=\"font-family: &quot;Microsoft YaHei&quot;; font-size: 14px; white-space: normal;\">　　 我们都活在达乐的圈子里，只不过是被设计好的，没几个人真正的<a href=\"http://www.duwenzhang.com/huati/xihuan/index1.html\" style=\"color: rgb(51, 51, 51); text-decoration-line: none;\">喜欢</a>，更别说倾力付出了，因为我们不<a href=\"http://www.duwenzhang.com/huati/xiguan/index1.html\" style=\"color: rgb(51, 51, 51); text-decoration-line: none;\">习惯</a>穷困，忘了一开始的<a href=\"http://www.duwenzhang.com/huati/chongdong/index1.html\" style=\"color: rgb(51, 51, 51); text-decoration-line: none;\">冲动</a>，走上了别人的路，用自己的脚。</p><p style=\"font-family: &quot;Microsoft YaHei&quot;; font-size: 14px; white-space: normal;\">　　 穷困多佳作已经没有了，<a href=\"http://www.duwenzhang.com/\" style=\"color: rgb(51, 51, 51); text-decoration-line: none;\">文章</a>也开始变得虚假，<a href=\"http://www.duwenzhang.com/huati/ganjue/index1.html\" style=\"color: rgb(51, 51, 51); text-decoration-line: none;\">感觉</a>今天写完明天起来就已经忘记了，从来没有和自己的<a href=\"http://www.duwenzhang.com/huati/neixin/index1.html\" style=\"color: rgb(51, 51, 51); text-decoration-line: none;\">内心</a>交流，鸡毛蒜皮已经能够让我们活得津津有味，乐此不疲了。</p><p style=\"font-family: &quot;Microsoft YaHei&quot;; font-size: 14px; white-space: normal;\">　　 我没有办法解决，因为已经中毒深了，开药的医生扶起自己的眼镜就熟识了我的病，从头到脚治疗一遍，总会好的，之后总不免叮嘱，没事多来转转，因为病一直都在。</p><p><br/></p>', 'http://vuecms.bigfool.cn/uploads/imgs/20180521\\2f2fadbd357132ad8a5fa8fb80ed5996.jpg', '2018-05-21 21:40:32', 2);
INSERT INTO `think_img` VALUES (6, '木制餐桌', 1, '木制餐桌木制餐桌木制餐桌木制餐桌木制餐桌木制餐桌木制餐桌木制餐桌木制餐桌木制餐桌木制餐桌木制餐桌木制餐桌木制餐桌木制餐桌木制餐桌木制餐桌木制餐桌木制餐桌木制餐桌木制餐桌木制餐桌木制餐桌木制餐桌', '<p>&nbsp;&nbsp;&nbsp;&nbsp;家具的外观形式直接展现在使用者面前，它是功能和结构的直观表现。家具的外观开花依附于其结构，特别是外在结构。但是外观形式和结构之间并不存在对应的关系，不同的外观形式可以采用同一种结构来表现。外观形式存在着较大的自由度，空间的组合上具有相当的选择性，如<a target=\"_blank\" href=\"https://baike.baidu.com/item/%E6%A2%B3%E5%A6%86%E5%8F%B0\" style=\"color: rgb(19, 110, 194); text-decoration-line: none;\">梳妆台</a>的基本结构都相同，但其外观形式却千姿百态。</p><p><a class=\"image-link\" href=\"https://baike.baidu.com/pic/%E5%AE%B6%E5%85%B7/860960/0/9f2f070828381f307f02c5f6ae014c086e06f052?fr=lemma&ct=single\" target=\"_blank\" title=\"\" style=\"color: rgb(19, 110, 194); text-decoration-line: none; display: block; width: 220px; height: 122px;\"><img class=\"\" src=\"/ueditor/php/upload/image/20180521/1526905879.jpg\" alt=\"\"/></a></p><p>&nbsp;&nbsp;&nbsp;&nbsp;家具的外观形式作为功能的外在表现，还具有认识功能，因此，具有信息传达和符号义；还能发挥其审美功能，从而产生一定的情调氛围，形成一定的艺术效果，给人以美的享受。</p><p><br/></p>', 'http://vuecms.bigfool.cn/uploads/imgs/20180521\\921504cebf4bcc056d703c19058ccb01.jpg', '2018-05-21 21:40:35', 1);
INSERT INTO `think_img` VALUES (7, '咖灰色沙发', 0, '咖灰色沙发咖灰色沙发咖灰色沙发咖灰色沙发咖灰色沙发咖灰色沙发咖灰色沙发咖灰色沙发咖灰色沙发咖灰色沙发咖灰色沙发咖灰色沙发咖灰色沙发咖灰色沙发咖灰色沙发咖灰色沙发咖灰色沙发咖灰色沙发咖灰色沙发咖灰色沙发咖灰色沙发咖灰色沙发咖灰色沙发咖灰色沙发咖灰色沙发咖灰色沙发咖灰色沙发', '<p style=\"color: rgb(51, 51, 51);font-family: 宋体;font-size: 14px;white-space: normal;background-color: rgb(255, 255, 255)\"><span style=\"color: black;font-size: 16px\">&nbsp;&nbsp;新发盛家具有限公司的不断发展，离不开企业的“创新”精神，一次又一次的荣誉也给了公司无限的动力和鼓舞，在此第八届北京国际家具博览会已经获得板式套房家具设计银奖和其它奖项；特别在</span><span style=\"color: black;font-size: 20px\"><span style=\"font-family: Calibri\"><span style=\"font-size: 16px\">2006</span></span></span><span style=\"color: black;font-size: 16px\">年第十七届广州国际家具博览会上</span><span style=\"color: black;font-size: 20px\"><span style=\"font-family: Calibri\"><span style=\"font-size: 16px\">&nbsp;</span></span></span><span style=\"color: black;font-size: 16px\">“软体家具设计金奖”，这对新发盛来说是公司自主创新成果的一种体现，一个里程碑，也是一个新的起点。</span></p><p style=\"color: rgb(51, 51, 51);font-family: 宋体;font-size: 14px;white-space: normal;background-color: rgb(255, 255, 255)\"><span style=\"color: black; font-size: 16px; text-indent: 40px;\">&nbsp;&nbsp;新发盛十八年的长青，源自企业诚信经营，在未来新发盛将会加技术创新科学管理的战略方针，实现公司品牌、资本、文化的有效整合，继续稳固企业基础建设，培养企业国际化视野，续写更加精彩的乐章。</span></p><p><br/></p>', 'http://vuecms.bigfool.cn/uploads/imgs/20180521\\028285b02e2c646ec7c56c30e35f9718.jpg', '2018-05-21 21:40:40', 1);
INSERT INTO `think_img` VALUES (8, '小纸盒人', 0, '小纸盒人小纸盒人小纸盒人小纸盒人小纸盒人小纸盒人小纸盒人小纸盒人小纸盒人小纸盒人小纸盒人小纸盒人小纸盒人小纸盒人小纸盒人小纸盒人小纸盒人小纸盒人小纸盒人小纸盒人小纸盒人小纸盒人小纸盒人小纸盒人小纸盒人', '<p>&nbsp;&nbsp;&nbsp;&nbsp;小纸盒人小纸盒人小纸盒人小纸盒人小纸盒人小纸盒人小纸盒人小纸盒人小纸盒人小纸盒人小纸盒人小纸盒人小纸盒人小纸盒人小纸盒人小纸盒人小纸盒人小纸盒人小纸盒人小纸盒人小纸盒人小纸盒人小纸盒人小纸盒人小纸盒人小纸盒人小纸盒人小纸盒人小纸盒人小纸盒人小纸盒人小纸盒人小纸盒人小纸盒人小纸盒人小纸盒人小纸盒人小纸盒人小纸盒人小纸盒人小纸盒人小纸盒人小纸盒人小纸盒人小纸盒人小纸盒人小纸盒人小纸盒人小纸盒人小纸盒人小纸盒人小纸盒人小纸盒人小纸盒人小纸盒人小纸盒人小纸盒人小纸盒人小纸盒人小纸盒人小纸盒人小纸盒人小纸盒人小纸盒人小纸盒人小纸盒人小纸盒人小纸盒人小纸盒人小纸盒人小纸盒人小纸盒人小纸盒人小纸盒人小纸盒人小纸盒人小纸盒人小纸盒人小纸盒人小纸盒人小纸盒人小纸盒人小纸盒人小纸盒人小纸盒人小纸盒人小纸盒人小纸盒人小纸盒人小纸盒人小纸盒人小纸盒人小纸盒人小纸盒人小纸盒人小纸盒人小纸盒人小纸盒人小纸盒人小纸盒人小纸盒人小纸盒人小纸盒人小纸盒人小纸盒人小纸盒人小纸盒人小纸盒人小纸盒人小纸盒人小纸盒人小纸盒人小纸盒人小纸盒人小纸盒人小纸盒人小纸盒人小纸盒人小纸盒人小纸盒人小纸盒人小纸盒人小纸盒人小纸盒人小纸盒人小纸盒人小纸盒人小纸盒人小纸盒人小纸盒人小纸盒人小纸盒人小纸盒人小纸盒人小纸盒人小纸盒人小纸盒人小纸盒人小纸盒人小纸盒人小纸盒人小纸盒人小纸盒人小纸盒人小纸盒人小纸盒人小纸盒人小纸盒人小纸盒人小纸盒人小纸盒人小纸盒人小纸盒人小纸盒人小纸盒人小纸盒人小纸盒人小纸盒人小纸盒人小纸盒人小纸盒人小纸盒人小纸盒人小纸盒人小纸盒人小纸盒人小纸盒人小纸盒人小纸盒人小纸盒人小纸盒人小纸盒人小纸盒人小纸盒人小纸盒人小纸盒人小纸盒人小纸盒人小纸盒人小纸盒人小纸盒人小纸盒人小纸盒人小纸盒人小纸盒人小纸盒人小纸盒人小纸盒人小纸盒人小纸盒人小纸盒人小纸盒人小纸盒人小纸盒人小纸盒人小纸盒人小纸盒人小纸盒人小纸盒人小纸盒人小纸盒人小纸盒人小纸盒人小纸盒人小纸盒人小纸盒人小纸盒人小纸盒人小纸盒人小纸盒人小纸盒人小纸盒人小纸盒人小纸盒人小纸盒人小纸盒人小纸盒人小纸盒人小纸盒人小纸盒人小纸盒人小纸盒人小纸盒人小纸盒人小纸盒人小纸盒人小纸盒人小纸盒人小纸盒人小纸盒人小纸盒人小纸盒人小纸盒人小纸盒人小纸盒人小纸盒人小纸盒人小纸盒人小纸盒人小纸盒人小纸盒人小纸盒人小纸盒人小纸盒人小纸盒人小纸盒人小纸盒人小纸盒人小纸盒人小纸盒人小纸盒人小纸盒人小纸盒人小纸盒人小纸盒人小纸盒人小纸盒人小纸盒人小纸盒人小纸盒人小纸盒人小纸盒人小纸盒人小纸盒人小纸盒人小纸盒人小纸盒人小纸盒人小纸盒人小纸盒人小纸盒人小纸盒人小纸盒人小纸盒人小纸盒人小纸盒人小纸盒人小纸盒人小纸盒人小纸盒人小纸盒人小纸盒人小纸盒人小纸盒人小纸盒人小纸盒人小纸盒人小纸盒人小纸盒人小纸盒人小纸盒人小纸盒人小纸盒人小纸盒人小纸盒人小纸盒人小纸盒人小纸盒人小纸盒人小纸盒人小纸盒人小纸盒人小纸盒人小纸盒人小纸盒人小纸盒人小纸盒人小纸盒人小纸盒人小纸盒人小纸盒人小纸盒人小纸盒人小纸盒人小纸盒人小纸盒人小纸盒人小纸盒人小纸盒人小纸盒人小纸盒人小纸盒人小纸盒人小纸盒人小纸盒人小纸盒人小纸盒人小纸盒人小纸盒人小纸盒人小纸盒人小纸盒人小纸盒人小纸盒人小纸盒人小纸盒人小纸盒人小纸盒人小纸盒人小纸盒人小纸盒人小纸盒人小纸盒人小纸盒人小纸盒人小纸盒人小纸盒人小纸盒人小纸盒人小纸盒人小纸盒人小纸盒人小纸盒人小纸盒人小纸盒人小纸盒人小纸盒人小纸盒人小纸盒人小纸盒人小纸盒人小纸盒人小纸盒人小纸盒人小纸盒人小纸盒人小纸盒人小纸盒人小纸盒人小纸盒人小纸盒人小纸盒人小纸盒人小纸盒人小纸盒人小纸盒人小纸盒人小纸盒人小纸盒人小纸盒人小纸盒人小纸盒人小纸盒人小纸盒人小纸盒人小纸盒人小纸盒人小纸盒人小纸盒人小纸盒人小纸盒人小纸盒人小纸盒人小纸盒人小纸盒人小纸盒人小纸盒人小纸盒人小纸盒人小纸盒人小纸盒人小纸盒人小纸盒人小纸盒人小纸盒人小纸盒人小纸盒人小纸盒人小纸盒人小纸盒人小纸盒人小纸盒人小纸盒人小纸盒人小纸盒人小纸盒人小纸盒人小纸盒人小纸盒人小纸盒人小纸盒人小纸盒人小纸盒人小纸盒人小纸盒人小纸盒人小纸盒人小纸盒人小纸盒人小纸盒人小纸盒人小纸盒人小纸盒人小纸盒人小纸盒人小纸盒人小纸盒人小纸盒人小纸盒人小纸盒人小纸盒人小纸盒人小纸盒人小纸盒人小纸盒人小纸盒人小纸盒人小纸盒人小纸盒人小纸盒人小纸盒人小纸盒人小纸盒人小纸盒人小纸盒人小纸盒人小纸盒人小纸盒人小纸盒人小纸盒人小纸盒人小纸盒人小纸盒人小纸盒人小纸盒人小纸盒人小纸盒人小纸盒人小纸盒人小纸盒人小纸盒人小纸盒人小纸盒人小纸盒人小纸盒人小纸盒人小纸盒人小纸盒人小纸盒人小纸盒人小纸盒人小纸盒人小纸盒人小纸盒人小纸盒人小纸盒人小纸盒人小纸盒人小纸盒人小纸盒人。</p>', 'http://vuecms.bigfool.cn/uploads/imgs/20180521\\4163e591868f9564e83461d0f58e0bbc.jpg', '2018-05-21 21:42:41', 2);

-- ----------------------------
-- Table structure for think_img_category
-- ----------------------------
DROP TABLE IF EXISTS `think_img_category`;
CREATE TABLE `think_img_category`  (
  `id` int(11) NOT NULL AUTO_INCREMENT,
  `title` varchar(255) CHARACTER SET utf8 COLLATE utf8_general_ci NOT NULL,
  PRIMARY KEY (`id`) USING BTREE
) ENGINE = InnoDB AUTO_INCREMENT = 8 CHARACTER SET = utf8 COLLATE = utf8_general_ci ROW_FORMAT = Dynamic;

-- ----------------------------
-- Records of think_img_category
-- ----------------------------
INSERT INTO `think_img_category` VALUES (1, '家居生活');
INSERT INTO `think_img_category` VALUES (2, '摄影设计');
INSERT INTO `think_img_category` VALUES (3, '明星美女');
INSERT INTO `think_img_category` VALUES (4, '空间设计');
INSERT INTO `think_img_category` VALUES (5, '户型装饰');
INSERT INTO `think_img_category` VALUES (6, '广告摄影');
INSERT INTO `think_img_category` VALUES (7, '美女写真');

-- ----------------------------
-- Table structure for think_news
-- ----------------------------
DROP TABLE IF EXISTS `think_news`;
CREATE TABLE `think_news`  (
  `id` int(11) NOT NULL AUTO_INCREMENT,
  `title` varchar(255) CHARACTER SET utf8 COLLATE utf8_general_ci NOT NULL,
  `click_num` int(11) NOT NULL DEFAULT 0,
  `img` varchar(255) CHARACTER SET utf8 COLLATE utf8_general_ci NOT NULL,
  `content` text CHARACTER SET utf8 COLLATE utf8_general_ci NOT NULL,
  `add_time` datetime(0) NULL DEFAULT CURRENT_TIMESTAMP,
  PRIMARY KEY (`id`) USING BTREE
) ENGINE = InnoDB AUTO_INCREMENT = 11 CHARACTER SET = utf8 COLLATE = utf8_general_ci ROW_FORMAT = Dynamic;

-- ----------------------------
-- Records of think_news
-- ----------------------------
INSERT INTO `think_news` VALUES (1, '安徽黄山与世界多个著名旅游景区结好', 0, 'http://vuecms.bigfool.cn/uploads/news/20180511\\bbf275c108543b73284e8ebd4c394258.jpg', '<p style=\"margin-top: 0px; margin-bottom: 29px; padding: 0px; line-height: 28px; font-family: 宋体, Arial, sans-serif; font-size: 15.9996px; white-space: normal; background-color: rgb(255, 255, 255); text-indent: 2em;\">记者14日从安徽黄山风景区获悉，瑞士少女峰近日更换展出一组黄山风光照，该照片为纪念黄山与少女峰结好而永久设立。</p><p style=\"margin-top: 0px; margin-bottom: 29px; padding: 0px; line-height: 28px; font-family: 宋体, Arial, sans-serif; font-size: 15.9996px; white-space: normal; background-color: rgb(255, 255, 255); text-indent: 2em;\">据黄山风景区管委会相关负责人介绍，此次更换的黄山风光照片是从近年来国际、国内各类摄影大赛获奖作品中精选出来的，展示了黄山奇特卓绝的自然风光，有助于吸引越来越多的瑞士游客来黄山观光揽胜。</p><p style=\"margin-top: 0px; margin-bottom: 29px; padding: 0px; line-height: 28px; font-family: 宋体, Arial, sans-serif; font-size: 15.9996px; white-space: normal; background-color: rgb(255, 255, 255); text-indent: 2em;\">黄山位于安徽省南部黄山市境内，是世界文化与自然双重遗产、世界地质公园，拥有奇松、怪石、云海、温泉等奇观，被誉为“天下第一奇山”；瑞士少女峰则是阿尔卑斯山脉的最高峰之一，被称为“欧洲之巅”，于2001年被联合国教科文组织列为世界自然遗产。</p><p style=\"margin-top: 0px; margin-bottom: 29px; padding: 0px; line-height: 28px; font-family: 宋体, Arial, sans-serif; font-size: 15.9996px; white-space: normal; background-color: rgb(255, 255, 255); text-indent: 2em;\">2002年5月，中国黄山与瑞士少女峰结为“友好山”。16年来，双方不断拓宽合作空间，在自然资源与地区文化的保护、旅游推广和共同发展方面一直保持着密切合作。</p><p style=\"margin-top: 0px; margin-bottom: 29px; padding: 0px; line-height: 28px; font-family: 宋体, Arial, sans-serif; font-size: 15.9996px; white-space: normal; background-color: rgb(255, 255, 255); text-indent: 2em;\">2017年9月，为进一步深化与国际友好公园的合作交流，黄山风景区组团赴瑞士少女峰，实地了解其旅游接待基础设施建设、应急救援等管理制度，并就互办风光摄影展等事宜进行了会谈。</p><p style=\"margin-top: 0px; margin-bottom: 29px; padding: 0px; line-height: 28px; font-family: 宋体, Arial, sans-serif; font-size: 15.9996px; white-space: normal; background-color: rgb(255, 255, 255); text-indent: 2em;\">下一步，黄山风景区与瑞士少女峰景区将互借平台、互办影展，宣传和推介各自优势旅游资源，扩大双方境外客源市场。</p><p style=\"margin-top: 0px; margin-bottom: 29px; padding: 0px; line-height: 28px; font-family: 宋体, Arial, sans-serif; font-size: 15.9996px; white-space: normal; background-color: rgb(255, 255, 255); text-indent: 2em;\">据了解，黄山风景区近年来持续扩大对外开放，加快旅游国际化步伐，先后与瑞士少女峰、美国约塞米蒂国家公园、希腊莱斯沃斯石化森林地质公园、新西兰凯库拉、加拿大班芙国家公园、柬埔寨吴哥窟等缔结友好景区或签订友好合作协议，建立互访机制，开展经验交流，共享信息资源，实现市场互动，共同提高黄山和境外友好景区的保护管理和旅游发展水平，有效扩大了黄山的国际知名度和影响力。</p><p><br/></p>', '2018-05-11 22:03:11');
INSERT INTO `think_news` VALUES (2, '2018年武隆旅游大戏开场', 0, 'http://vuecms.bigfool.cn/uploads/news/20180511\\afec538d837af4981fb043c8621fe242.jpg', '<p style=\"margin-top: 0px; margin-bottom: 29px; padding: 0px; line-height: 28px; font-family: 宋体, Arial, sans-serif; font-size: 15.9996px; white-space: normal; background-color: rgb(255, 255, 255); text-indent: 2em;\">说起武隆，你的第一印象是什么？</p><p style=\"margin-top: 0px; margin-bottom: 29px; padding: 0px; line-height: 28px; font-family: 宋体, Arial, sans-serif; font-size: 15.9996px; white-space: normal; background-color: rgb(255, 255, 255); text-indent: 2em;\">是有着“东方瑞士”之称的南国大草原，还是让人啧啧称其的世界最大的天生桥群呢？</p><p style=\"margin-top: 0px; margin-bottom: 29px; padding: 0px; line-height: 28px; font-family: 宋体, Arial, sans-serif; font-size: 15.9996px; white-space: normal; background-color: rgb(255, 255, 255); text-indent: 2em;\">是《满城尽带黄金甲》里那刀光剑影的天福官驿，还是炫酷超时空的《变形金刚》大战呢？</p><p style=\"margin-top: 0px; margin-bottom: 29px; padding: 0px; line-height: 28px; font-family: 宋体, Arial, sans-serif; font-size: 15.9996px; white-space: normal; background-color: rgb(255, 255, 255); text-indent: 2em;\">总是带给我们惊喜的武隆旅游，2018年，又一场大戏上演——武隆联合腾讯共同打造的交互微综艺《王牌大救星》，重磅登场。</p><p style=\"margin-top: 0px; margin-bottom: 29px; padding: 0px; line-height: 28px; font-family: 宋体, Arial, sans-serif; font-size: 15.9996px; white-space: normal; background-color: rgb(255, 255, 255); text-indent: 2em;\"><img src=\"/uploads/images/20180511/1526047468.jpg\" title=\"1526047468.jpg\" alt=\"147947421.jpg\"/></p><p style=\"margin-top: 0px; margin-bottom: 29px; padding: 0px; line-height: 28px; font-family: 宋体, Arial, sans-serif; font-size: 15.9996px; white-space: normal; background-color: rgb(255, 255, 255); text-indent: 2em;\">这场大戏，通过全景技术与原创视频内容的创意结合全新打造，那又会带给我们怎样的视觉盛宴，又会带来一个什么神奇的故事？</p><p style=\"margin-top: 0px; margin-bottom: 29px; padding: 0px; line-height: 28px; font-family: 宋体, Arial, sans-serif; font-size: 15.9996px; white-space: normal; background-color: rgb(255, 255, 255); text-indent: 2em;\">这场大戏，通过“拯救关晓彤”的主线贯穿始末，又会是谁来闯过层层障碍，演绎英雄救美？</p><p style=\"margin-top: 0px; margin-bottom: 29px; padding: 0px; line-height: 28px; font-family: 宋体, Arial, sans-serif; font-size: 15.9996px; white-space: normal; background-color: rgb(255, 255, 255); text-indent: 2em;\">据武隆景区相关负责人介绍，《王牌大救星》项目作为首档交互微综艺，通过全景技术与原创视频内容的创意结合全新打造，当红明星关晓彤受邀参与视频拍摄。项目以轻游戏多交互的模式，用“拯救关晓彤”为引线，并不断提示引导游客在720°无死角的全景视频中欣赏武隆的大美风光的同时，以角色扮演的方式，完成“拯救关晓彤”的一系列趣味任务。</p><p style=\"margin-top: 0px; margin-bottom: 29px; padding: 0px; line-height: 28px; font-family: 宋体, Arial, sans-serif; font-size: 15.9996px; white-space: normal; background-color: rgb(255, 255, 255); text-indent: 2em;\">“《王牌大救星》通过挖掘武隆景区的资源特色与文化，融合视听艺术与浸入式科技，运用最新创意，一定会给予观众最深入人心的浸没式体验。”腾讯旅游相关负责人对此首创的项目非常有信心。</p><p><br/></p>', '2018-05-11 22:04:51');
INSERT INTO `think_news` VALUES (3, '加速全域旅游和旅游高质量发展迫在眉睫', 0, 'http://vuecms.bigfool.cn/uploads/news/20180511\\55986a4be21842a592ca3354d18139b7.jpg', '<p style=\"margin-top: 0px; margin-bottom: 29px; padding: 0px; line-height: 28px; font-family: 宋体, Arial, sans-serif; font-size: 15.9996px; white-space: normal; background-color: rgb(255, 255, 255); text-indent: 2em;\">“五一”小长假，全国各地、各景区游客接待量一路飘红，纷纷突破同期接待量。“面对集中出游，要从时间和空间上进行调整或扩容，以满足人们日益增长的美好生活需要，因此全域旅游发展迫在眉睫。”业内人士表示。</p><p style=\"margin-top: 0px; margin-bottom: 29px; padding: 0px; line-height: 28px; font-family: 宋体, Arial, sans-serif; font-size: 15.9996px; white-space: normal; background-color: rgb(255, 255, 255); text-indent: 2em;\"><strong>“集中出游”降低体验感</strong></p><p style=\"margin-top: 0px; margin-bottom: 29px; padding: 0px; line-height: 28px; font-family: 宋体, Arial, sans-serif; font-size: 15.9996px; white-space: normal; background-color: rgb(255, 255, 255); text-indent: 2em;\"><strong>旅游高质量发展刻不容缓</strong></p><p style=\"margin-top: 0px; margin-bottom: 29px; padding: 0px; line-height: 28px; font-family: 宋体, Arial, sans-serif; font-size: 15.9996px; white-space: normal; background-color: rgb(255, 255, 255); text-indent: 2em;\">五一期间，济南宽厚里客流量达38万人次；淄博市周村古商城三天迎客2.83万人次；泰安市泰山风景区三天累计183463人进出山；临沂市天蒙景区仅4月30日一天接待游客达3.2万人，是去年高峰期的两倍……据国家文化和旅游部统计，“五一”假日全国共接待国内游客1.47亿人次，同比增长9.3%。</p><p style=\"margin-top: 0px; margin-bottom: 29px; padding: 0px; line-height: 28px; font-family: 宋体, Arial, sans-serif; font-size: 15.9996px; white-space: normal; background-color: rgb(255, 255, 255); text-indent: 2em;\">山东旅游职业学院党委书记陈国忠认为：“五一小长假是近郊游、短途游比较集中的时间，城乡居民出游出现大规模叠加，这种集中出游的状态降低了人们的游览质量，引发游客不满”。</p><p style=\"margin-top: 0px; margin-bottom: 29px; padding: 0px; line-height: 28px; font-family: 宋体, Arial, sans-serif; font-size: 15.9996px; white-space: normal; background-color: rgb(255, 255, 255); text-indent: 2em;\">旅游是人们获取美好生活的重要体现，山东省旅游发展委员会主任于风贵曾指出，高质量的旅游，就是能够带给游客最高档的体验，让游客融入当地百姓生活中，体验和享受到当地最好的一面。在近40年的发展中，山东旅游已经解决了“有没有”的问题，旅游产品供给已经相对丰富，但是面对庞大的出游人群，旅游产品的数量、质量仍需要进一步提升。</p><p style=\"margin-top: 0px; margin-bottom: 29px; padding: 0px; line-height: 28px; font-family: 宋体, Arial, sans-serif; font-size: 15.9996px; white-space: normal; background-color: rgb(255, 255, 255); text-indent: 2em;\"><strong>旅游资源分配不均</strong></p><p style=\"margin-top: 0px; margin-bottom: 29px; padding: 0px; line-height: 28px; font-family: 宋体, Arial, sans-serif; font-size: 15.9996px; white-space: normal; background-color: rgb(255, 255, 255); text-indent: 2em;\"><strong>“全域旅游”需成解决之道</strong></p><p style=\"margin-top: 0px; margin-bottom: 29px; padding: 0px; line-height: 28px; font-family: 宋体, Arial, sans-serif; font-size: 15.9996px; white-space: normal; background-color: rgb(255, 255, 255); text-indent: 2em;\">《中国国内旅游报业发展年度报告2017》指出，2016年，全国游客接待量比例，东部地区占37%，中部地区占27%，西部地区占29%，东北地区占7%；旅游目的地的接待能力从东向西递减，在东、中、西三大区域“旅游产业综合发展水平”表现为5:3:2的三级阶梯状分布。</p><p style=\"margin-top: 0px; margin-bottom: 29px; padding: 0px; line-height: 28px; font-family: 宋体, Arial, sans-serif; font-size: 15.9996px; white-space: normal; background-color: rgb(255, 255, 255); text-indent: 2em;\">落实到单一城市，这种旅游资源分布不均匀的现象表现的也非常明显。“五一假期我去济南的开埠区转了转，相比泉城广场、宽厚里等地方熙熙攘攘的人流，老商埠区显得格外冷清。”陈国忠感慨的说，“这就说明了现在旅游产业在空间上的布局是不协调的，也进一步证实了发展全域旅游的必要性、紧迫性”。</p><p style=\"margin-top: 0px; margin-bottom: 29px; padding: 0px; line-height: 28px; font-family: 宋体, Arial, sans-serif; font-size: 15.9996px; white-space: normal; background-color: rgb(255, 255, 255); text-indent: 2em;\">旅游业发展到现在已经到了全民旅游、个人游、自驾游为主的新阶段，传统的“景点旅游”模式已经不能满足越来越多的出游需求，发展全域旅游迫在眉睫。“全域旅游解决的是旅游在时间、空间、服务设施等方面的问题，通过全年、全时段向游客提供产品，来满足不同游客的需求，可以实现对集中在某一时段、某一景点的游客分流的作用”。陈国忠指出了全域旅游在解决景区“假日病”中的作用。</p><p style=\"margin-top: 0px; margin-bottom: 29px; padding: 0px; line-height: 28px; font-family: 宋体, Arial, sans-serif; font-size: 15.9996px; white-space: normal; background-color: rgb(255, 255, 255); text-indent: 2em;\">对于全域旅游发展的总体要求，国家文化和旅游部副部长李金早曾强调，要加快旅游供给侧结构性改革，着力推动旅游业从门票经济向产业经济转变，从粗放低效方式向精细高效方式转变，从封闭的旅游自循环向开放的“旅游＋”转变，从企业单打独享向社会共建共享转变，从景区内部管理向全面依法治理转变，从部门行为向政府统筹推进转变，从单一景点景区建设管理向综合目的地服务转变。</p><p style=\"margin-top: 0px; margin-bottom: 29px; padding: 0px; line-height: 28px; font-family: 宋体, Arial, sans-serif; font-size: 15.9996px; white-space: normal; background-color: rgb(255, 255, 255); text-indent: 2em;\">休假是休闲与旅游的时间前提。2008年1月1日《职工带薪年休假条例》正式实施，然而，时隔十年，“带薪休假”的“福利”在很多企事业单位仍然是一纸空文。</p><p style=\"margin-top: 0px; margin-bottom: 29px; padding: 0px; line-height: 28px; font-family: 宋体, Arial, sans-serif; font-size: 15.9996px; white-space: normal; background-color: rgb(255, 255, 255); text-indent: 2em;\">“推广带薪休假其实是在时间尺度上对旅游的优化。”陈国忠说，进一步加快落实职工带薪休假，通过自主、灵活地安排休假时间才能实现旅游市场的均衡、可持续发展，才能保障游客的出游质量，也是缓解旅游产业“供需失衡”的必要措施之一。</p><p><br/></p>', '2018-05-11 22:05:29');
INSERT INTO `think_news` VALUES (4, ' 成都22个景区开放日可免费游览', 0, 'http://vuecms.bigfool.cn/uploads/news/20180511\\4b3474b0ee7daf39c7146274ca0e031f.jpg', '<p style=\"margin-top: 0px; margin-bottom: 29px; padding: 0px; line-height: 28px; font-family: 宋体, Arial, sans-serif; font-size: 15.9996px; white-space: normal; background-color: rgb(255, 255, 255); text-indent: 2em;\">7日，四川新闻网记者从成都市发改委获悉，5月18日起，成都22个景区将陆续实行免费开放日。指定日这一天，这些景区可免门票游玩，5月就可以免费耍9个景区。需要注意的是，部分景区需要提前预约。</p><p style=\"margin-top: 0px; margin-bottom: 29px; padding: 0px; line-height: 28px; font-family: 宋体, Arial, sans-serif; font-size: 15.9996px; white-space: normal; background-color: rgb(255, 255, 255); text-indent: 2em;\">据悉，为落实《成都市人民政府办公厅关于印发成都市优化旅游景区营收模式促进旅游业发展实施方案的通知》要求，加大惠民力度，促进旅游消费，成都市发改委公布了成都市22个利用公共资源建设的游览参观点免费开放日。</p><p style=\"margin-top: 0px; margin-bottom: 29px; padding: 0px; line-height: 28px; font-family: 宋体, Arial, sans-serif; font-size: 15.9996px; white-space: normal; background-color: rgb(255, 255, 255); text-indent: 2em;\">需要注意的是，天台山、成都大熊猫繁育研究基地(含都江堰野放中心)、青城山景区、都江堰景区、青城山后山景区等景点需要提前预约。</p><p style=\"margin-top: 0px; margin-bottom: 29px; padding: 0px; line-height: 28px; font-family: 宋体, Arial, sans-serif; font-size: 15.9996px; white-space: normal; background-color: rgb(255, 255, 255); text-indent: 2em;\">同时，特此提醒广大游客：在免费开放日前往公告中的游览参观点，应提前通过景区官网、官方媒体、网络等渠道了解相关信息，合理安排行程，维护游览秩序。</p><p><br/></p>', '2018-05-11 22:07:56');
INSERT INTO `think_news` VALUES (5, '加强地方立法工作助推全域旅游发展', 0, 'http://vuecms.bigfool.cn/uploads/news/20180511\\8781cd92956041fb9f282dd780ac9823.jpg', '<p style=\"margin-top: 0px; margin-bottom: 29px; padding: 0px; line-height: 28px; font-family: 宋体, Arial, sans-serif; font-size: 15.9996px; white-space: normal; background-color: rgb(255, 255, 255); text-indent: 2em;\">5月1日起，湖南省张家界市制定的全国首部全域旅游地方性法规——《张家界市全域旅游促进条例》（以下简称《条例》）正式施行，引起业界普遍关注，本报记者围绕相关话题采访了有关人士。</p><p style=\"margin-top: 0px; margin-bottom: 29px; padding: 0px; line-height: 28px; font-family: 宋体, Arial, sans-serif; font-size: 15.9996px; white-space: normal; background-color: rgb(255, 255, 255); text-indent: 2em;\"><strong>为什么要制定</strong></p><p style=\"margin-top: 0px; margin-bottom: 29px; padding: 0px; line-height: 28px; font-family: 宋体, Arial, sans-serif; font-size: 15.9996px; white-space: normal; background-color: rgb(255, 255, 255); text-indent: 2em;\">早在2016年，张家界市人大常委会法工委就围绕旅游立法进行了多层次、多领域的调研，并将《条例》列入2017年度市人大常委会立法计划。在起草、修改、审议过程中，张家界先后组织调研、座谈会等50多次，听取和吸收了区县人大、区县政府、乡镇政府、市直部门，各级人大代表，有关专家学者和社会各方的意见，并通过张家界市人大门户网站、市政府门户网站、市人大微信公众号征求公众意见。</p><p style=\"margin-top: 0px; margin-bottom: 29px; padding: 0px; line-height: 28px; font-family: 宋体, Arial, sans-serif; font-size: 15.9996px; white-space: normal; background-color: rgb(255, 255, 255); text-indent: 2em;\">今年2月28日，张家界市七届人大常委会第十一次会议进行了第四次审议并全票表决通过《条例》，3月31日经湖南省第十三届人大常委会第三次会议批准施行。</p><p style=\"margin-top: 0px; margin-bottom: 29px; padding: 0px; line-height: 28px; font-family: 宋体, Arial, sans-serif; font-size: 15.9996px; white-space: normal; background-color: rgb(255, 255, 255); text-indent: 2em;\">《条例》起草组相关成员介绍，《条例》依据《中华人民共和国旅游法》《中华人民共和国城乡规划法》《湖南省实施〈中华人民共和国旅游法〉办法》等法律法规，参考《湖南省国有资源有偿使用收入管理办法》等规章规范性文件，参阅了浙江杭州、四川成都等地的地方性法规，结合本市实际，作出具体化、实施性的规定。制定该条例的目的是，通过完善全域旅游的规划体系、基础设施和公共服务体系、社会治理和保障体系，促进张家界全域旅游科学、健康、协调、有序发展。</p><p style=\"margin-top: 0px; margin-bottom: 29px; padding: 0px; line-height: 28px; font-family: 宋体, Arial, sans-serif; font-size: 15.9996px; white-space: normal; background-color: rgb(255, 255, 255); text-indent: 2em;\">张家界市旅游和外事侨务委员会主任兰智平表示，张家界市以旅游立市、旅游兴市。2017年，全市旅游接待突破7000万人次，旅游业成为最重要的支柱产业。当前，张家界旅游业正处于从景点旅游向全域旅游的转型过程。湖南省委、省政府要求，张家界市要充分发挥在“锦绣潇湘”全域旅游基地建设中的龙头作用，为全国全域旅游发展做好示范和带头作用。因此，制定促进全域旅游发展的地方性法规，完善促进全域旅游发展的顶层设计，是当地立法工作的一项重要任务。</p><p><br/></p>', '2018-05-11 22:08:30');
INSERT INTO `think_news` VALUES (6, '我国沿海渔港建设规划融入旅游功能', 0, 'http://vuecms.bigfool.cn/uploads/news/20180511\\247d3fddb80848a0702244d1c713b11a.jpg', '<p style=\"margin-top: 0px; margin-bottom: 29px; padding: 0px; line-height: 28px; font-family: 宋体, Arial, sans-serif; font-size: 15.9996px; white-space: normal; background-color: rgb(255, 255, 255); text-indent: 2em;\">国家发改委、农业农村部日前印发《全国沿海渔港建设规划（2018—2025年）》（以下简称《规划》），对我国渔港建设作出全面规划。《规划》显示，90%以上的渔港经济区建设规划融入了旅游功能，比如滨海旅游、主题公园、休闲渔业、海洋文化展示等。</p><p style=\"margin-top: 0px; margin-bottom: 29px; padding: 0px; line-height: 28px; font-family: 宋体, Arial, sans-serif; font-size: 15.9996px; white-space: normal; background-color: rgb(255, 255, 255); text-indent: 2em;\">《规划》提出，我国沿海渔港建设将根据现有设施情况明确功能定位，全面统筹规划渔港经济区建设，并与主体功能区划、海洋功能区划、海洋经济发展规划、渔业发展规划、沿海港口（船舶航道及锚地）规划、近岸海域环境功能区划、城乡规划和旅游规划等相衔接。</p><p style=\"margin-top: 0px; margin-bottom: 29px; padding: 0px; line-height: 28px; font-family: 宋体, Arial, sans-serif; font-size: 15.9996px; white-space: normal; background-color: rgb(255, 255, 255); text-indent: 2em;\">《规划》显示，山东半岛沿海渔港群的灌云—响水渔港经济区明确提出，要打造旅游商贸、海钓基地、海洋主题公园；上海—浙江沿海渔港群的象山渔港经济区规划明确提出，要打造海洋公园和渔文化特色创意街区；东南沿海渔港群的三都澳东冲半岛渔港经济区规划明确提出，要推动形成集海岛观光、旅游综合服务和渔业生产贸易等为特色的渔港经济区。</p><p style=\"margin-top: 0px; margin-bottom: 29px; padding: 0px; line-height: 28px; font-family: 宋体, Arial, sans-serif; font-size: 15.9996px; white-space: normal; background-color: rgb(255, 255, 255); text-indent: 2em;\">《规划》还提出，将通过规划建设渔港经济区，建设一批集渔船安全避风、鱼货集散、渔业生产、服务贸易、运输补给、滨海旅游、特色城镇等功能于一体的现代渔港，为捕捞渔民提供再就业岗位，有效拓宽捕捞渔民就业渠道，为压减近海渔业过剩捕捞产能作出贡献。</p><p><br/></p>', '2018-05-11 22:09:18');
INSERT INTO `think_news` VALUES (7, '近半数中国游客愿靠科技产品实现\"无界限旅行\"', 3, 'http://vuecms.bigfool.cn/uploads/news/20180511\\34ee092ef26d730054777b96f36afcb2.jpg', '<p style=\"margin-top: 0px; margin-bottom: 29px; padding: 0px; line-height: 28px; font-family: 宋体, Arial, sans-serif; font-size: 15.9996px; white-space: normal; background-color: rgb(255, 255, 255); text-indent: 2em;\">人民网北京5月4日电 （魏欣宁）酒店及住宿在线预订平台Booking.com近期发布“无界限旅行”研究报告，关注旅行者的旅行困惑和焦虑，鼓励旅行者冲破所有障碍与壁垒，在旅行中寻找无限的可能和全新的体验，真正实现“无界限旅行”的无悔体验。</p><p style=\"margin-top: 0px; margin-bottom: 29px; padding: 0px; line-height: 28px; font-family: 宋体, Arial, sans-serif; font-size: 15.9996px; white-space: normal; background-color: rgb(255, 255, 255); text-indent: 2em;\">根据调查报告显示，84%的中国旅行者们对于“无界限旅行”中所能获得的丰富旅行体验抱有憧憬，但仍有40%的中国旅行者认为他们无法充分利用好每次行程安排，容易在旅行中错失一些独特的体验机会。结合数据分析，即使对于置身异域文化（72%）和体验多样住宿（42%）的“无界限旅行”体验充满期待，语言不通所带来的种种不便依旧阻碍了超过38%的中国旅行者跨出国门享受旅行。</p><p style=\"margin-top: 0px; margin-bottom: 29px; padding: 0px; line-height: 28px; font-family: 宋体, Arial, sans-serif; font-size: 15.9996px; white-space: normal; background-color: rgb(255, 255, 255); text-indent: 2em;\">为了克服旅行焦虑和壁垒，近一半的中国旅行者（42%）如今都更愿意依赖科技产品的力量。据悉，Booking.com联合离线即时翻译器ili咿哩，为Booking.com用户推出专属的限量版ili咿哩翻译器（中文-日文/英文翻译）以及专享折扣，为旅行者打造更为便捷的“无界限旅行”体验。Booking.com高级副总裁兼首席营销官Pepijn Rijvers 表示：“与ili咿哩的合作仅仅是一个开端，无论是绝妙的住宿选择，抑或是目的地的旅行资讯，Booking.com希望能够充分运用科学技术的力量，逐渐消除旅行中的壁垒，从而赋予旅行者更多尽享全球住宿，领略缤纷世界的机会。”</p><p><br/></p>', '2018-05-11 22:09:54');
INSERT INTO `think_news` VALUES (8, '铁路旅游开启互联互通融合发展新时代', 1, 'http://vuecms.bigfool.cn/uploads/news/20180511\\ec88ab989c7d144394c241246cc2a392.jpg', '<p style=\"line-height: 2em;\">&nbsp;&nbsp;&nbsp;<span style=\"font-size: 18px; font-family: 宋体, SimSun;\">&nbsp;4月26日，“铁路客运提质跨局合作暨环西部游主题推介会”在中国铁路兰州局集团有限公司召开，全国18个铁路局集团公司与甘肃省旅发委、甘肃省民航机场集团等部门和单位共同签订了合作协议，推进铁路旅游迈入了互联互通、融合发展的新时代。</span></p><p style=\"line-height: 2em;\"><span style=\"font-size: 18px; font-family: 宋体, SimSun;\">兰州局集团依托西部丰富的旅游资源，充分发挥兰新高铁、宝兰高铁、兰渝铁路开通后西部旅游市场的巨大潜力，率先搭建铁路旅游平台，大力实施运输供给侧结构性改革，在兄弟局之间相互增开旅游为主体的客运列车，不断满足人民日益增长的美好生活需要。</span></p><p style=\"line-height: 2em;\"><span style=\"font-size: 18px; font-family: 宋体, SimSun;\">&nbsp;“环西部火车游”旅游产品在这次主题推介会上精彩亮相，将地面传统服务模式与列车相融合，分别由旅游班列、火车驿站、火车主题公园、火车民宿四大新型主题产品构成。兰州局经营开发处处长吴冰介绍，“火车游” 的特点是通过旅游列车的平台化和跨界融合，开创以线下客车网为核心，融合景区、观光、旅居等功能的旅游新业态，为游客带来全新的出行体验。</span></p><p style=\"line-height: 2em;\"><span style=\"font-size: 18px; font-family: 宋体, SimSun;\">&nbsp;“环西部火车游”开发了多条环形旅游精品线路：兰州至天水、西安等方向的“华夏寻根·人文始祖”东线旅游线路，兰州至敦煌、嘉峪关、酒泉、张掖等方向的“河西走廊·西行漫记”西线旅游线路，兰州至陇南、姚渡等方向的“陇上江南·行摄山水”南线旅游线路，银川至成都、杭州等方向“塞上江南·神奇宁夏”北线旅游线路。根据假日客流需求，优化运输组织、创新服务方式，开行“五一”陇南春色旅游、“七一”哈达铺红色旅游、“十一”额济纳旗胡杨林“秋天的童话”旅游等特色旅游专列；根据客户不同需求，私人定制开行商务、婚庆、会议等高端旅游专线车。</span></p><p style=\"line-height: 2em;\"><span style=\"font-size: 18px; font-family: 宋体, SimSun;\">&nbsp;兰州局还精心打造嘉峪关方特火车驿站、敦煌月牙小镇火车酒吧、铁路火车主题公园、沙都驿站火车民宿，为游客提供休闲、创意和乡野体验。并积极与政府、企业合作，以宣传地方文化、企业产品、实现互惠共赢为目标，冠名开行了银川至北京K1178次“六盘山号”列车等品牌列车。充分发挥铁路客运在旅游交通中的骨干作用，结合甘肃省“旅游强省”战略，以既有管内图定列车为依托，新增“环西部火车游”兰州至敦煌Y681/4 Y683/2次旅游列车1对，形成旅客列车管内环游模式。</span></p><p style=\"line-height: 2em;\"><span style=\"font-size: 18px; font-family: 宋体, SimSun;\">&nbsp;根据合作协议，兰州局将逐步推出空铁联运、“高铁+共享汽车”、限量版火车民宿等服务新产品，还将进一步完善站车WIFI、网络配餐、高铁无轨站以及“兰铁易行”线上预约定制服务，优化站车环境，努力满足旅客多样化、个性化、定制化出现需求。</span></p><p><br/></p>', '2018-05-11 22:12:10');
INSERT INTO `think_news` VALUES (9, '中印旅游业合作前景可期', 1, 'http://vuecms.bigfool.cn/uploads/news/20180511\\de28b6312035514affb1cfd549f14590.jpg', '<p style=\"margin-top: 0px; margin-bottom: 29px; padding: 0px; line-height: 28px; font-family: 宋体, Arial, sans-serif; font-size: 15.9996px; white-space: normal; background-color: rgb(255, 255, 255); text-indent: 2em;\">新华社孟买4月29日电 专访：中印旅游业合作前景可期——访印度斯迪克旅游集团主席苏巴什·戈亚尔</p><p style=\"margin-top: 0px; margin-bottom: 29px; padding: 0px; line-height: 28px; font-family: 宋体, Arial, sans-serif; font-size: 15.9996px; white-space: normal; background-color: rgb(255, 255, 255); text-indent: 2em;\">新华社记者张兴军</p><p style=\"margin-top: 0px; margin-bottom: 29px; padding: 0px; line-height: 28px; font-family: 宋体, Arial, sans-serif; font-size: 15.9996px; white-space: normal; background-color: rgb(255, 255, 255); text-indent: 2em;\">印度知名旅游服务商斯迪克旅游集团主席苏巴什·戈亚尔日前接受新华社记者专访时表示，中印旅游市场的快速增长激动人心，他对两国旅游业合作前景充满期待。</p><p style=\"margin-top: 0px; margin-bottom: 29px; padding: 0px; line-height: 28px; font-family: 宋体, Arial, sans-serif; font-size: 15.9996px; white-space: normal; background-color: rgb(255, 255, 255); text-indent: 2em;\">总部位于新德里的斯迪克旅游集团成立于1973年，是全球众多知名旅游、航空和酒店品牌在印度业务的总代理。</p><p style=\"margin-top: 0px; margin-bottom: 29px; padding: 0px; line-height: 28px; font-family: 宋体, Arial, sans-serif; font-size: 15.9996px; white-space: normal; background-color: rgb(255, 255, 255); text-indent: 2em;\">戈亚尔介绍，根据印度旅游部门掌握的数据，2017年中国访印游客达25万人次。与此同时，印度也是中国入境游的重要客源市场，去年两国双向交流人数近百万人次。</p><p style=\"margin-top: 0px; margin-bottom: 29px; padding: 0px; line-height: 28px; font-family: 宋体, Arial, sans-serif; font-size: 15.9996px; white-space: normal; background-color: rgb(255, 255, 255); text-indent: 2em;\">记者注意到，在戈亚尔名片背面印着的多家航空公司徽标中，中国国航排在首位。对此，他解释说，早在2002年公司就开始与中国国航开展业务合作。伴随着中国国航在印度业务的增长，作为代理公司，斯迪克旅游集团的相关收入也水涨船高。</p><p style=\"margin-top: 0px; margin-bottom: 29px; padding: 0px; line-height: 28px; font-family: 宋体, Arial, sans-serif; font-size: 15.9996px; white-space: normal; background-color: rgb(255, 255, 255); text-indent: 2em;\">“中印旅游业合作的最大优势是，我们互为邻国，又是世界上人口最多的两个国家，”戈亚尔说，“公司一直致力于挖掘中印旅游市场的潜力。”</p><p style=\"margin-top: 0px; margin-bottom: 29px; padding: 0px; line-height: 28px; font-family: 宋体, Arial, sans-serif; font-size: 15.9996px; white-space: normal; background-color: rgb(255, 255, 255); text-indent: 2em;\">谈及未来，戈亚尔表示，中印旅游市场前景广阔，随着两国间贸易、商务、旅游交往的持续增多，未来相关数据还会有明显涨幅。</p><p style=\"margin-top: 0px; margin-bottom: 29px; padding: 0px; line-height: 28px; font-family: 宋体, Arial, sans-serif; font-size: 15.9996px; white-space: normal; background-color: rgb(255, 255, 255); text-indent: 2em;\">相关机构的研究显示，未来5年，中印航空市场年均增长率预计将达8．8％，2018年中印双向旅客流量将突破100万人次，2021年达到130万人次。综合考虑近两年中国对印度投资大幅增加，以及印度对中国实施电子签证政策对市场的有力拉动，未来中印航空市场年均增长率有望超过10％。</p><p style=\"margin-top: 0px; margin-bottom: 29px; padding: 0px; line-height: 28px; font-family: 宋体, Arial, sans-serif; font-size: 15.9996px; white-space: normal; background-color: rgb(255, 255, 255); text-indent: 2em;\">“我希望有一天，中国国航的飞机能够实现日均一班或两班飞往印度主要城市；而印航、捷特等印度航空公司的飞机也有机会飞到所有中国主要城市。”戈亚尔说。</p><p><br/></p>', '2018-05-11 22:14:57');
INSERT INTO `think_news` VALUES (10, '西藏旅游新政促一季度游客接待量增长近五成', 5, 'http://vuecms.bigfool.cn/uploads/news/20180511\\496e48dab22c5e7c94e5f83c827dfe4e.jpg', '<p style=\"margin-top: 0px; margin-bottom: 29px; padding: 0px; line-height: 28px; font-family: 宋体, Arial, sans-serif; font-size: 15.9996px; white-space: normal; background-color: rgb(255, 255, 255);\">今年2月1日至4月30日，西藏开展“冬游西藏·共享地球第三极”活动，包括布达拉宫、大昭寺等西藏A级旅游景区免费对所有游客开放，同时推出涵盖酒店住宿、旅游车辆、航空铁路等优惠措施。</p><p style=\"margin-top: 0px; margin-bottom: 29px; padding: 0px; line-height: 28px; font-family: 宋体, Arial, sans-serif; font-size: 15.9996px; white-space: normal; background-color: rgb(255, 255, 255);\">西藏旅发委透露，今年1至3月，全区接待境外游客3986人次，同比增长37.5%；接待内地游客约106.03万人次，同比增长49.5%。旅游总收入约12.62亿元人民币，同比增长47%。</p><p style=\"margin-top: 0px; margin-bottom: 29px; padding: 0px; line-height: 28px; font-family: 宋体, Arial, sans-serif; font-size: 15.9996px; white-space: normal; background-color: rgb(255, 255, 255);\">“春节期间，一日游的短途路线比较受欢迎。”在西藏，孙赫男有6年的冬季旅游产品开发经历，她对记者说，2018年农历新年正月初一前后的半个月里，她所在的旅行社接待了920名游客，而去年同期则接待了363名，“今年西藏冬季旅游市场比以往任何一年都火爆”。</p><p style=\"margin-top: 0px; margin-bottom: 29px; padding: 0px; line-height: 28px; font-family: 宋体, Arial, sans-serif; font-size: 15.9996px; white-space: normal; background-color: rgb(255, 255, 255);\">在拉萨一家四星级酒店从事管理工作的张茉莉说，自今年西藏实施旅游优惠政策以来，2月份，酒店的入住率比去年同期增加了约25%，因客满向同星级酒店转移客源的现象频频出现。</p><p style=\"margin-top: 0px; margin-bottom: 29px; padding: 0px; line-height: 28px; font-family: 宋体, Arial, sans-serif; font-size: 15.9996px; white-space: normal; background-color: rgb(255, 255, 255);\">记者注意到，自今年2月以来，布达拉宫西南侧的药王山观景台上常常站满取景留影的游客；八廓街上，拍民族服装照、逛街购物的游客身影也明显增多；拉萨街头的特色餐厅还出现座满需要排队的现象。</p><p style=\"margin-top: 0px; margin-bottom: 29px; padding: 0px; line-height: 28px; font-family: 宋体, Arial, sans-serif; font-size: 15.9996px; white-space: normal; background-color: rgb(255, 255, 255);\">因冬季旅游人数激增而产生的旅游车辆紧张、酒店房间紧缺等问题，多位旅游行业从业者对记者表示，他们将在下一个“冬游西藏”来临前做好相关的预订工作。</p><p><br/></p>', '2018-05-11 22:15:45');

-- ----------------------------
-- Table structure for think_swipe
-- ----------------------------
DROP TABLE IF EXISTS `think_swipe`;
CREATE TABLE `think_swipe`  (
  `id` int(11) NOT NULL AUTO_INCREMENT,
  `url` varchar(255) CHARACTER SET utf8 COLLATE utf8_general_ci NOT NULL,
  `img` varchar(255) CHARACTER SET utf8 COLLATE utf8_general_ci NOT NULL,
  PRIMARY KEY (`id`) USING BTREE
) ENGINE = InnoDB AUTO_INCREMENT = 4 CHARACTER SET = utf8 COLLATE = utf8_general_ci ROW_FORMAT = Dynamic;

-- ----------------------------
-- Records of think_swipe
-- ----------------------------
INSERT INTO `think_swipe` VALUES (1, 'http://vuecms.bigfool.cn/index.html', 'http://vuecms.bigfool.cn/uploads/swipe/20180509\\924f18917325a09d7fa671d8d0b06c5b.jpg');
INSERT INTO `think_swipe` VALUES (2, 'http://vuecms.bigfool.cn/index.html', 'http://vuecms.bigfool.cn/uploads/swipe/20180509\\077c92ce19541170bfffe1efbafe124b.jpg');
INSERT INTO `think_swipe` VALUES (3, 'http://vuecms.bigfool.cn/index.html', 'http://vuecms.bigfool.cn/uploads/swipe/20180509\\2e896eabeaf7dd89bbbfa086c14f4898.jpg');

-- ----------------------------
-- Table structure for think_user
-- ----------------------------
DROP TABLE IF EXISTS `think_user`;
CREATE TABLE `think_user`  (
  `id` int(11) NOT NULL AUTO_INCREMENT,
  `name` varchar(255) CHARACTER SET utf8 COLLATE utf8_general_ci NULL DEFAULT NULL,
  `phone` varchar(255) CHARACTER SET utf8 COLLATE utf8_general_ci NULL DEFAULT NULL,
  `email` varchar(255) CHARACTER SET utf8 COLLATE utf8_general_ci NULL DEFAULT NULL,
  `password` varchar(255) CHARACTER SET utf8 COLLATE utf8_general_ci NOT NULL,
  `face` varchar(255) CHARACTER SET utf8 COLLATE utf8_general_ci NULL DEFAULT NULL,
  `create_time` datetime(0) NOT NULL DEFAULT CURRENT_TIMESTAMP,
  `update_time` datetime(0) NOT NULL DEFAULT CURRENT_TIMESTAMP,
  PRIMARY KEY (`id`) USING BTREE
) ENGINE = InnoDB AUTO_INCREMENT = 7 CHARACTER SET = utf8 COLLATE = utf8_general_ci ROW_FORMAT = Dynamic;

-- ----------------------------
-- Records of think_user
-- ----------------------------
INSERT INTO `think_user` VALUES (2, 'admin', '', '', 'e10adc3949ba59abbe56e057f20f883e', NULL, '2018-03-15 10:13:36', '2018-03-15 10:13:36');

SET FOREIGN_KEY_CHECKS = 1;
